
DO $$ 
BEGIN

CREATE TABLE IF NOT EXISTS ca_coverage_category (
    id INT,
    name VARCHAR,
    description VARCHAR,
    effective_date DATE NOT NULL DEFAULT '1900-01-01',
    expiration_date DATE NOT NULL DEFAULT '9999-12-31'
);


CREATE TABLE IF NOT EXISTS ca_coverage_code (
    id INT,
    code VARCHAR,
    name VARCHAR,
    fk_coverage_category_id INT,
    fk_state_id INT 
);


CREATE TABLE IF NOT EXISTS ca_state_coverage_code (
    id INT,
    fk_coverage_code_id INT,
    fk_state_id INT
);


CREATE OR REPLACE VIEW ca_coverage_code_vw
AS
  SELECT a.code        coverage_code,
         b.name        coverage_category,
         a.name        coverage,
         a.id          coverage_id,
         a.fk_state_id state_id_specific,
         b.id          coverage_category_id
  FROM   ca_coverage_code a,
         ca_coverage_category b
  WHERE  a.fk_coverage_category_id = b.id
  ORDER  BY a.id; 

CREATE OR REPLACE VIEW ca_state_coverage_code_vw as (
    SELECT b.code coverage_code, b.id coverage_id, b.name coverage, c.abbreviation state, c.id fk_state_id
        FROM ca_state_coverage_code a, ca_coverage_code b, state_code c
        WHERE a.fk_coverage_code_id = b.id 
        AND a.fk_state_id = c.id
        ORDER BY state,coverage_code
);

IF NOT EXISTS (SELECT * FROM ca_coverage_category) THEN
	INSERT INTO ca_coverage_category (id, name) VALUES (1,'Liability');
	INSERT INTO ca_coverage_category (id, name) VALUES (2,'Physical Damage Coverages');
	INSERT INTO ca_coverage_category (id, name) VALUES (3,'All Other Property and Liability Coverages');
	INSERT INTO ca_coverage_category (id, name) VALUES (4,'Penn Policies Not Subject to Workers Compensation First Party Benefits Coverage ');
	INSERT INTO ca_coverage_category (id, name) VALUES (5,'Penn Policies Subject to Workers Compensation First Party Benefits Coverage');
END IF;

IF NOT EXISTS (select * from ca_coverage_code) THEN
	INSERT INTO ca_coverage_code (id, code, name, fk_coverage_category_id) VALUES (1,'1','Bodily Injury Liability',1);
	INSERT INTO ca_coverage_code (id, code, name, fk_coverage_category_id) VALUES (2,'2','Property Damage Liability',2);
	INSERT INTO ca_coverage_code (id, code, name, fk_coverage_category_id) VALUES (3,'3','Bodily Injury and Property Damage Liability - Indivisible Premium',3);
	INSERT INTO ca_coverage_code (id, code, name, fk_coverage_category_id) VALUES (4,'4','Personal Injury Protection',4);
	INSERT INTO ca_coverage_code (id, code, name, fk_coverage_category_id) VALUES (5,'5','Medical Payments',5);
	INSERT INTO ca_coverage_code (id, code, name, fk_coverage_category_id) VALUES (6,'6','Uninsured/Underinsured Motorists - Indivisible Premium',6);
	INSERT INTO ca_coverage_code (id, code, name, fk_coverage_category_id) VALUES (7,'7','Physical Damage - Collision',9);
	INSERT INTO ca_coverage_code (id, code, name, fk_coverage_category_id) VALUES (8,'8','Physical Damage - Other Than Collision',10);
	INSERT INTO ca_coverage_code (id, code, name, fk_coverage_category_id) VALUES (9,'9','All Other Property and Liability Coverages',12);
	INSERT INTO ca_coverage_code (id, code, name, fk_coverage_category_id) VALUES (10,'X','Uninsured Motorist',7);
	INSERT INTO ca_coverage_code (id, code, name, fk_coverage_category_id) VALUES (11,'Y','Underinsured Motorist',8);
	INSERT INTO ca_coverage_code (id, code, name, fk_coverage_category_id) VALUES (12,'T','Physical Damage - Other Than Collision - Additional Coverage Records',11);
	INSERT INTO ca_coverage_code (id, code, name, fk_coverage_category_id) VALUES (13,'H','Certified acts of terrorism covered (coverage not excluded) - liability only',13);
	INSERT INTO ca_coverage_code (id, code, name, fk_coverage_category_id) VALUES (14,'W','Certified acts of terrorism covered (coverage not excluded) - physical damage only',14);
	INSERT INTO ca_coverage_code (id, code, name, fk_coverage_category_id) VALUES (15,'Z','Certified acts of terrorism covered (coverage not excluded) - liability and physical damage',15);
	INSERT INTO ca_coverage_code (id, code, name, fk_coverage_category_id,fk_state_id) VALUES (16,'1','Bodily Injury Liability',1,3);
	INSERT INTO ca_coverage_code (id, code, name, fk_coverage_category_id,fk_state_id) VALUES (17,'2','Property Damage Liability',2,3);
	INSERT INTO ca_coverage_code (id, code, name, fk_coverage_category_id,fk_state_id) VALUES (18,'3','Bodily Injury and Property Damage Liability Combined',13,3);
	INSERT INTO ca_coverage_code (id, code, name, fk_coverage_category_id,fk_state_id) VALUES (19,'5','Medical Payments',5,3);
	INSERT INTO ca_coverage_code (id, code, name, fk_coverage_category_id,fk_state_id) VALUES (20,'6','Uninsured/Underinsured Motorists - Indivisible Premium',6,3);
	INSERT INTO ca_coverage_code (id, code, name, fk_coverage_category_id,fk_state_id) VALUES (21,'7','Physical Damage - Collision',9,3);
	INSERT INTO ca_coverage_code (id, code, name, fk_coverage_category_id,fk_state_id) VALUES (22,'8','Physical Damage - Other Than Collision',10,3);
	INSERT INTO ca_coverage_code (id, code, name, fk_coverage_category_id,fk_state_id) VALUES (23,'9','All Other',12,3);
	INSERT INTO ca_coverage_code (id, code, name, fk_coverage_category_id,fk_state_id) VALUES (24,'X','Uninsured Motorist',7,3);
	INSERT INTO ca_coverage_code (id, code, name, fk_coverage_category_id,fk_state_id) VALUES (25,'Y','Underinsured Motorist',8,3);
	INSERT INTO ca_coverage_code (id, code, name, fk_coverage_category_id,fk_state_id) VALUES (26,'S','Medical Benefits',14,3);
	INSERT INTO ca_coverage_code (id, code, name, fk_coverage_category_id,fk_state_id) VALUES (27,'U','Loss of Income',15,3);
	INSERT INTO ca_coverage_code (id, code, name, fk_coverage_category_id,fk_state_id) VALUES (28,'V','Accidental Death',16,3);
	INSERT INTO ca_coverage_code (id, code, name, fk_coverage_category_id,fk_state_id) VALUES (29,'1','Bodily Injury Liability',1,37);
	INSERT INTO ca_coverage_code (id, code, name, fk_coverage_category_id,fk_state_id) VALUES (30,'2','Property Damage Liability',2,37);
	INSERT INTO ca_coverage_code (id, code, name, fk_coverage_category_id,fk_state_id) VALUES (31,'3','Bodily Injury and Property Damage Liability Combined',17,37);
	INSERT INTO ca_coverage_code (id, code, name, fk_coverage_category_id,fk_state_id) VALUES (32,'5','Extraordinary Medical Payments',18,37);
	INSERT INTO ca_coverage_code (id, code, name, fk_coverage_category_id,fk_state_id) VALUES (33,'7','Physical Damage - Collision',9,37);
	INSERT INTO ca_coverage_code (id, code, name, fk_coverage_category_id,fk_state_id) VALUES (34,'8','Physical Damage - Other Than Collision',10,37);
	INSERT INTO ca_coverage_code (id, code, name, fk_coverage_category_id,fk_state_id) VALUES (35,'9','All Other',12,37);
	INSERT INTO ca_coverage_code (id, code, name, fk_coverage_category_id,fk_state_id) VALUES (36,'X','Uninsured Motorist',7,37);
	INSERT INTO ca_coverage_code (id, code, name, fk_coverage_category_id,fk_state_id) VALUES (37,'Y','Underinsured Motorist',8,37);
	INSERT INTO ca_coverage_code (id, code, name, fk_coverage_category_id,fk_state_id) VALUES (38,'T','Physical Damage - Other Than Collision - Additional Coverage Records',11,37);
	INSERT INTO ca_coverage_code (id, code, name, fk_coverage_category_id,fk_state_id) VALUES (39,'A','Medical Benefits',19,37);
	INSERT INTO ca_coverage_code (id, code, name, fk_coverage_category_id,fk_state_id) VALUES (40,'B','Medical Benefits plus any Funeral Benefits Limit',20,37);
	INSERT INTO ca_coverage_code (id, code, name, fk_coverage_category_id,fk_state_id) VALUES (41,'C','Loss of Income',21,37);
	INSERT INTO ca_coverage_code (id, code, name, fk_coverage_category_id,fk_state_id) VALUES (42,'D','Death Benefit',22,37);
	INSERT INTO ca_coverage_code (id, code, name, fk_coverage_category_id,fk_state_id) VALUES (43,'E','Funeral Benefit',23,37);
	INSERT INTO ca_coverage_code (id, code, name, fk_coverage_category_id,fk_state_id) VALUES (44,'F','Combined First Party Benefits',24,37);
	INSERT INTO ca_coverage_code (id, code, name, fk_coverage_category_id,fk_state_id) VALUES (45,'G','Combined First Party Benefits - Indivisible Premium Policies',25,37);
	INSERT INTO ca_coverage_code (id, code, name, fk_coverage_category_id,fk_state_id) VALUES (46,'J','Medical Benefits',26,37);
	INSERT INTO ca_coverage_code (id, code, name, fk_coverage_category_id,fk_state_id) VALUES (47,'K','Medical Benefits plus any Funeral Benefits Limit',27,37);
	INSERT INTO ca_coverage_code (id, code, name, fk_coverage_category_id,fk_state_id) VALUES (48,'L','Loss of Income',28,37);
	INSERT INTO ca_coverage_code (id, code, name, fk_coverage_category_id,fk_state_id) VALUES (49,'M','Death Benefit',29,37);
	INSERT INTO ca_coverage_code (id, code, name, fk_coverage_category_id,fk_state_id) VALUES (50,'N','Funeral Benefit',30,37);
	INSERT INTO ca_coverage_code (id, code, name, fk_coverage_category_id,fk_state_id) VALUES (51,'P','Combined First Party Benefits',31,37);
	INSERT INTO ca_coverage_code (id, code, name, fk_coverage_category_id,fk_state_id) VALUES (52,'R','Combined First Party Benefits - Indivisible Premium Policies',32,37);
END IF;

IF NOT EXISTS (SELECT * FROM ca_state_coverage_code) THEN
	INSERT INTO ca_state_coverage_code VALUES(1,1,1);
	INSERT INTO ca_state_coverage_code VALUES(2,2,1);
	INSERT INTO ca_state_coverage_code VALUES(3,3,1);
	INSERT INTO ca_state_coverage_code VALUES(4,4,1);
	INSERT INTO ca_state_coverage_code VALUES(5,5,1);
	INSERT INTO ca_state_coverage_code VALUES(6,6,1);
	INSERT INTO ca_state_coverage_code VALUES(7,9,1);
	INSERT INTO ca_state_coverage_code VALUES(8,10,1);
	INSERT INTO ca_state_coverage_code VALUES(9,12,1);
	INSERT INTO ca_state_coverage_code VALUES(10,7,1);
	INSERT INTO ca_state_coverage_code VALUES(11,8,1);
	INSERT INTO ca_state_coverage_code VALUES(12,11,1);
	INSERT INTO ca_state_coverage_code VALUES(13,13,1);
	INSERT INTO ca_state_coverage_code VALUES(14,14,1);
	INSERT INTO ca_state_coverage_code VALUES(15,15,1);
	INSERT INTO ca_state_coverage_code VALUES(16,1,2);
	INSERT INTO ca_state_coverage_code VALUES(17,2,2);
	INSERT INTO ca_state_coverage_code VALUES(18,3,2);
	INSERT INTO ca_state_coverage_code VALUES(19,4,2);
	INSERT INTO ca_state_coverage_code VALUES(20,5,2);
	INSERT INTO ca_state_coverage_code VALUES(21,6,2);
	INSERT INTO ca_state_coverage_code VALUES(22,9,2);
	INSERT INTO ca_state_coverage_code VALUES(23,10,2);
	INSERT INTO ca_state_coverage_code VALUES(24,12,2);
	INSERT INTO ca_state_coverage_code VALUES(25,7,2);
	INSERT INTO ca_state_coverage_code VALUES(26,8,2);
	INSERT INTO ca_state_coverage_code VALUES(27,11,2);
	INSERT INTO ca_state_coverage_code VALUES(28,13,2);
	INSERT INTO ca_state_coverage_code VALUES(29,14,2);
	INSERT INTO ca_state_coverage_code VALUES(30,15,2);
	INSERT INTO ca_state_coverage_code VALUES(31,1,4);
	INSERT INTO ca_state_coverage_code VALUES(32,2,4);
	INSERT INTO ca_state_coverage_code VALUES(33,3,4);
	INSERT INTO ca_state_coverage_code VALUES(34,4,4);
	INSERT INTO ca_state_coverage_code VALUES(35,5,4);
	INSERT INTO ca_state_coverage_code VALUES(36,6,4);
	INSERT INTO ca_state_coverage_code VALUES(37,9,4);
	INSERT INTO ca_state_coverage_code VALUES(38,10,4);
	INSERT INTO ca_state_coverage_code VALUES(39,12,4);
	INSERT INTO ca_state_coverage_code VALUES(40,7,4);
	INSERT INTO ca_state_coverage_code VALUES(41,8,4);
	INSERT INTO ca_state_coverage_code VALUES(42,11,4);
	INSERT INTO ca_state_coverage_code VALUES(43,13,4);
	INSERT INTO ca_state_coverage_code VALUES(44,14,4);
	INSERT INTO ca_state_coverage_code VALUES(45,15,4);
	INSERT INTO ca_state_coverage_code VALUES(46,1,5);
	INSERT INTO ca_state_coverage_code VALUES(47,2,5);
	INSERT INTO ca_state_coverage_code VALUES(48,3,5);
	INSERT INTO ca_state_coverage_code VALUES(49,4,5);
	INSERT INTO ca_state_coverage_code VALUES(50,5,5);
	INSERT INTO ca_state_coverage_code VALUES(51,6,5);
	INSERT INTO ca_state_coverage_code VALUES(52,9,5);
	INSERT INTO ca_state_coverage_code VALUES(53,10,5);
	INSERT INTO ca_state_coverage_code VALUES(54,12,5);
	INSERT INTO ca_state_coverage_code VALUES(55,7,5);
	INSERT INTO ca_state_coverage_code VALUES(56,8,5);
	INSERT INTO ca_state_coverage_code VALUES(57,11,5);
	INSERT INTO ca_state_coverage_code VALUES(58,13,5);
	INSERT INTO ca_state_coverage_code VALUES(59,14,5);
	INSERT INTO ca_state_coverage_code VALUES(60,15,5);
	INSERT INTO ca_state_coverage_code VALUES(61,1,6);
	INSERT INTO ca_state_coverage_code VALUES(62,2,6);
	INSERT INTO ca_state_coverage_code VALUES(63,3,6);
	INSERT INTO ca_state_coverage_code VALUES(64,4,6);
	INSERT INTO ca_state_coverage_code VALUES(65,5,6);
	INSERT INTO ca_state_coverage_code VALUES(66,6,6);
	INSERT INTO ca_state_coverage_code VALUES(67,9,6);
	INSERT INTO ca_state_coverage_code VALUES(68,10,6);
	INSERT INTO ca_state_coverage_code VALUES(69,12,6);
	INSERT INTO ca_state_coverage_code VALUES(70,7,6);
	INSERT INTO ca_state_coverage_code VALUES(71,8,6);
	INSERT INTO ca_state_coverage_code VALUES(72,11,6);
	INSERT INTO ca_state_coverage_code VALUES(73,13,6);
	INSERT INTO ca_state_coverage_code VALUES(74,14,6);
	INSERT INTO ca_state_coverage_code VALUES(75,15,6);
	INSERT INTO ca_state_coverage_code VALUES(76,1,7);
	INSERT INTO ca_state_coverage_code VALUES(77,2,7);
	INSERT INTO ca_state_coverage_code VALUES(78,3,7);
	INSERT INTO ca_state_coverage_code VALUES(79,4,7);
	INSERT INTO ca_state_coverage_code VALUES(80,5,7);
	INSERT INTO ca_state_coverage_code VALUES(81,6,7);
	INSERT INTO ca_state_coverage_code VALUES(82,9,7);
	INSERT INTO ca_state_coverage_code VALUES(83,10,7);
	INSERT INTO ca_state_coverage_code VALUES(84,12,7);
	INSERT INTO ca_state_coverage_code VALUES(85,7,7);
	INSERT INTO ca_state_coverage_code VALUES(86,8,7);
	INSERT INTO ca_state_coverage_code VALUES(87,11,7);
	INSERT INTO ca_state_coverage_code VALUES(88,13,7);
	INSERT INTO ca_state_coverage_code VALUES(89,14,7);
	INSERT INTO ca_state_coverage_code VALUES(90,15,7);
	INSERT INTO ca_state_coverage_code VALUES(91,1,8);
	INSERT INTO ca_state_coverage_code VALUES(92,2,8);
	INSERT INTO ca_state_coverage_code VALUES(93,3,8);
	INSERT INTO ca_state_coverage_code VALUES(94,4,8);
	INSERT INTO ca_state_coverage_code VALUES(95,5,8);
	INSERT INTO ca_state_coverage_code VALUES(96,6,8);
	INSERT INTO ca_state_coverage_code VALUES(97,9,8);
	INSERT INTO ca_state_coverage_code VALUES(98,10,8);
	INSERT INTO ca_state_coverage_code VALUES(99,12,8);
	INSERT INTO ca_state_coverage_code VALUES(100,7,8);
	INSERT INTO ca_state_coverage_code VALUES(101,8,8);
	INSERT INTO ca_state_coverage_code VALUES(102,11,8);
	INSERT INTO ca_state_coverage_code VALUES(103,13,8);
	INSERT INTO ca_state_coverage_code VALUES(104,14,8);
	INSERT INTO ca_state_coverage_code VALUES(105,15,8);
	INSERT INTO ca_state_coverage_code VALUES(106,1,9);
	INSERT INTO ca_state_coverage_code VALUES(107,2,9);
	INSERT INTO ca_state_coverage_code VALUES(108,3,9);
	INSERT INTO ca_state_coverage_code VALUES(109,4,9);
	INSERT INTO ca_state_coverage_code VALUES(110,5,9);
	INSERT INTO ca_state_coverage_code VALUES(111,6,9);
	INSERT INTO ca_state_coverage_code VALUES(112,9,9);
	INSERT INTO ca_state_coverage_code VALUES(113,10,9);
	INSERT INTO ca_state_coverage_code VALUES(114,12,9);
	INSERT INTO ca_state_coverage_code VALUES(115,7,9);
	INSERT INTO ca_state_coverage_code VALUES(116,8,9);
	INSERT INTO ca_state_coverage_code VALUES(117,11,9);
	INSERT INTO ca_state_coverage_code VALUES(118,13,9);
	INSERT INTO ca_state_coverage_code VALUES(119,14,9);
	INSERT INTO ca_state_coverage_code VALUES(120,15,9);
	INSERT INTO ca_state_coverage_code VALUES(121,1,10);
	INSERT INTO ca_state_coverage_code VALUES(122,2,10);
	INSERT INTO ca_state_coverage_code VALUES(123,3,10);
	INSERT INTO ca_state_coverage_code VALUES(124,4,10);
	INSERT INTO ca_state_coverage_code VALUES(125,5,10);
	INSERT INTO ca_state_coverage_code VALUES(126,6,10);
	INSERT INTO ca_state_coverage_code VALUES(127,9,10);
	INSERT INTO ca_state_coverage_code VALUES(128,10,10);
	INSERT INTO ca_state_coverage_code VALUES(129,12,10);
	INSERT INTO ca_state_coverage_code VALUES(130,7,10);
	INSERT INTO ca_state_coverage_code VALUES(131,8,10);
	INSERT INTO ca_state_coverage_code VALUES(132,11,10);
	INSERT INTO ca_state_coverage_code VALUES(133,13,10);
	INSERT INTO ca_state_coverage_code VALUES(134,14,10);
	INSERT INTO ca_state_coverage_code VALUES(135,15,10);
	INSERT INTO ca_state_coverage_code VALUES(136,1,11);
	INSERT INTO ca_state_coverage_code VALUES(137,2,11);
	INSERT INTO ca_state_coverage_code VALUES(138,3,11);
	INSERT INTO ca_state_coverage_code VALUES(139,4,11);
	INSERT INTO ca_state_coverage_code VALUES(140,5,11);
	INSERT INTO ca_state_coverage_code VALUES(141,6,11);
	INSERT INTO ca_state_coverage_code VALUES(142,9,11);
	INSERT INTO ca_state_coverage_code VALUES(143,10,11);
	INSERT INTO ca_state_coverage_code VALUES(144,12,11);
	INSERT INTO ca_state_coverage_code VALUES(145,7,11);
	INSERT INTO ca_state_coverage_code VALUES(146,8,11);
	INSERT INTO ca_state_coverage_code VALUES(147,11,11);
	INSERT INTO ca_state_coverage_code VALUES(148,13,11);
	INSERT INTO ca_state_coverage_code VALUES(149,14,11);
	INSERT INTO ca_state_coverage_code VALUES(150,15,11);
	INSERT INTO ca_state_coverage_code VALUES(151,1,12);
	INSERT INTO ca_state_coverage_code VALUES(152,2,12);
	INSERT INTO ca_state_coverage_code VALUES(153,3,12);
	INSERT INTO ca_state_coverage_code VALUES(154,4,12);
	INSERT INTO ca_state_coverage_code VALUES(155,5,12);
	INSERT INTO ca_state_coverage_code VALUES(156,6,12);
	INSERT INTO ca_state_coverage_code VALUES(157,9,12);
	INSERT INTO ca_state_coverage_code VALUES(158,10,12);
	INSERT INTO ca_state_coverage_code VALUES(159,12,12);
	INSERT INTO ca_state_coverage_code VALUES(160,7,12);
	INSERT INTO ca_state_coverage_code VALUES(161,8,12);
	INSERT INTO ca_state_coverage_code VALUES(162,11,12);
	INSERT INTO ca_state_coverage_code VALUES(163,13,12);
	INSERT INTO ca_state_coverage_code VALUES(164,14,12);
	INSERT INTO ca_state_coverage_code VALUES(165,15,12);
	INSERT INTO ca_state_coverage_code VALUES(166,1,13);
	INSERT INTO ca_state_coverage_code VALUES(167,2,13);
	INSERT INTO ca_state_coverage_code VALUES(168,3,13);
	INSERT INTO ca_state_coverage_code VALUES(169,4,13);
	INSERT INTO ca_state_coverage_code VALUES(170,5,13);
	INSERT INTO ca_state_coverage_code VALUES(171,6,13);
	INSERT INTO ca_state_coverage_code VALUES(172,9,13);
	INSERT INTO ca_state_coverage_code VALUES(173,10,13);
	INSERT INTO ca_state_coverage_code VALUES(174,12,13);
	INSERT INTO ca_state_coverage_code VALUES(175,7,13);
	INSERT INTO ca_state_coverage_code VALUES(176,8,13);
	INSERT INTO ca_state_coverage_code VALUES(177,11,13);
	INSERT INTO ca_state_coverage_code VALUES(178,13,13);
	INSERT INTO ca_state_coverage_code VALUES(179,14,13);
	INSERT INTO ca_state_coverage_code VALUES(180,15,13);
	INSERT INTO ca_state_coverage_code VALUES(181,1,14);
	INSERT INTO ca_state_coverage_code VALUES(182,2,14);
	INSERT INTO ca_state_coverage_code VALUES(183,3,14);
	INSERT INTO ca_state_coverage_code VALUES(184,4,14);
	INSERT INTO ca_state_coverage_code VALUES(185,5,14);
	INSERT INTO ca_state_coverage_code VALUES(186,6,14);
	INSERT INTO ca_state_coverage_code VALUES(187,9,14);
	INSERT INTO ca_state_coverage_code VALUES(188,10,14);
	INSERT INTO ca_state_coverage_code VALUES(189,12,14);
	INSERT INTO ca_state_coverage_code VALUES(190,7,14);
	INSERT INTO ca_state_coverage_code VALUES(191,8,14);
	INSERT INTO ca_state_coverage_code VALUES(192,11,14);
	INSERT INTO ca_state_coverage_code VALUES(193,13,14);
	INSERT INTO ca_state_coverage_code VALUES(194,14,14);
	INSERT INTO ca_state_coverage_code VALUES(195,15,14);
	INSERT INTO ca_state_coverage_code VALUES(196,1,15);
	INSERT INTO ca_state_coverage_code VALUES(197,2,15);
	INSERT INTO ca_state_coverage_code VALUES(198,3,15);
	INSERT INTO ca_state_coverage_code VALUES(199,4,15);
	INSERT INTO ca_state_coverage_code VALUES(200,5,15);
	INSERT INTO ca_state_coverage_code VALUES(201,6,15);
	INSERT INTO ca_state_coverage_code VALUES(202,9,15);
	INSERT INTO ca_state_coverage_code VALUES(203,10,15);
	INSERT INTO ca_state_coverage_code VALUES(204,12,15);
	INSERT INTO ca_state_coverage_code VALUES(205,7,15);
	INSERT INTO ca_state_coverage_code VALUES(206,8,15);
	INSERT INTO ca_state_coverage_code VALUES(207,11,15);
	INSERT INTO ca_state_coverage_code VALUES(208,13,15);
	INSERT INTO ca_state_coverage_code VALUES(209,14,15);
	INSERT INTO ca_state_coverage_code VALUES(210,15,15);
	INSERT INTO ca_state_coverage_code VALUES(211,1,16);
	INSERT INTO ca_state_coverage_code VALUES(212,2,16);
	INSERT INTO ca_state_coverage_code VALUES(213,3,16);
	INSERT INTO ca_state_coverage_code VALUES(214,4,16);
	INSERT INTO ca_state_coverage_code VALUES(215,5,16);
	INSERT INTO ca_state_coverage_code VALUES(216,6,16);
	INSERT INTO ca_state_coverage_code VALUES(217,9,16);
	INSERT INTO ca_state_coverage_code VALUES(218,10,16);
	INSERT INTO ca_state_coverage_code VALUES(219,12,16);
	INSERT INTO ca_state_coverage_code VALUES(220,7,16);
	INSERT INTO ca_state_coverage_code VALUES(221,8,16);
	INSERT INTO ca_state_coverage_code VALUES(222,11,16);
	INSERT INTO ca_state_coverage_code VALUES(223,13,16);
	INSERT INTO ca_state_coverage_code VALUES(224,14,16);
	INSERT INTO ca_state_coverage_code VALUES(225,15,16);
	INSERT INTO ca_state_coverage_code VALUES(226,1,17);
	INSERT INTO ca_state_coverage_code VALUES(227,2,17);
	INSERT INTO ca_state_coverage_code VALUES(228,3,17);
	INSERT INTO ca_state_coverage_code VALUES(229,4,17);
	INSERT INTO ca_state_coverage_code VALUES(230,5,17);
	INSERT INTO ca_state_coverage_code VALUES(231,6,17);
	INSERT INTO ca_state_coverage_code VALUES(232,9,17);
	INSERT INTO ca_state_coverage_code VALUES(233,10,17);
	INSERT INTO ca_state_coverage_code VALUES(234,12,17);
	INSERT INTO ca_state_coverage_code VALUES(235,7,17);
	INSERT INTO ca_state_coverage_code VALUES(236,8,17);
	INSERT INTO ca_state_coverage_code VALUES(237,11,17);
	INSERT INTO ca_state_coverage_code VALUES(238,13,17);
	INSERT INTO ca_state_coverage_code VALUES(239,14,17);
	INSERT INTO ca_state_coverage_code VALUES(240,15,17);
	INSERT INTO ca_state_coverage_code VALUES(241,1,18);
	INSERT INTO ca_state_coverage_code VALUES(242,2,18);
	INSERT INTO ca_state_coverage_code VALUES(243,3,18);
	INSERT INTO ca_state_coverage_code VALUES(244,4,18);
	INSERT INTO ca_state_coverage_code VALUES(245,5,18);
	INSERT INTO ca_state_coverage_code VALUES(246,6,18);
	INSERT INTO ca_state_coverage_code VALUES(247,9,18);
	INSERT INTO ca_state_coverage_code VALUES(248,10,18);
	INSERT INTO ca_state_coverage_code VALUES(249,12,18);
	INSERT INTO ca_state_coverage_code VALUES(250,7,18);
	INSERT INTO ca_state_coverage_code VALUES(251,8,18);
	INSERT INTO ca_state_coverage_code VALUES(252,11,18);
	INSERT INTO ca_state_coverage_code VALUES(253,13,18);
	INSERT INTO ca_state_coverage_code VALUES(254,14,18);
	INSERT INTO ca_state_coverage_code VALUES(255,15,18);
	INSERT INTO ca_state_coverage_code VALUES(256,1,19);
	INSERT INTO ca_state_coverage_code VALUES(257,2,19);
	INSERT INTO ca_state_coverage_code VALUES(258,3,19);
	INSERT INTO ca_state_coverage_code VALUES(259,4,19);
	INSERT INTO ca_state_coverage_code VALUES(260,5,19);
	INSERT INTO ca_state_coverage_code VALUES(261,6,19);
	INSERT INTO ca_state_coverage_code VALUES(262,9,19);
	INSERT INTO ca_state_coverage_code VALUES(263,10,19);
	INSERT INTO ca_state_coverage_code VALUES(264,12,19);
	INSERT INTO ca_state_coverage_code VALUES(265,7,19);
	INSERT INTO ca_state_coverage_code VALUES(266,8,19);
	INSERT INTO ca_state_coverage_code VALUES(267,11,19);
	INSERT INTO ca_state_coverage_code VALUES(268,13,19);
	INSERT INTO ca_state_coverage_code VALUES(269,14,19);
	INSERT INTO ca_state_coverage_code VALUES(270,15,19);
	INSERT INTO ca_state_coverage_code VALUES(271,1,20);
	INSERT INTO ca_state_coverage_code VALUES(272,2,20);
	INSERT INTO ca_state_coverage_code VALUES(273,3,20);
	INSERT INTO ca_state_coverage_code VALUES(274,4,20);
	INSERT INTO ca_state_coverage_code VALUES(275,5,20);
	INSERT INTO ca_state_coverage_code VALUES(276,6,20);
	INSERT INTO ca_state_coverage_code VALUES(277,9,20);
	INSERT INTO ca_state_coverage_code VALUES(278,10,20);
	INSERT INTO ca_state_coverage_code VALUES(279,12,20);
	INSERT INTO ca_state_coverage_code VALUES(280,7,20);
	INSERT INTO ca_state_coverage_code VALUES(281,8,20);
	INSERT INTO ca_state_coverage_code VALUES(282,11,20);
	INSERT INTO ca_state_coverage_code VALUES(283,13,20);
	INSERT INTO ca_state_coverage_code VALUES(284,14,20);
	INSERT INTO ca_state_coverage_code VALUES(285,15,20);
	INSERT INTO ca_state_coverage_code VALUES(286,1,21);
	INSERT INTO ca_state_coverage_code VALUES(287,2,21);
	INSERT INTO ca_state_coverage_code VALUES(288,3,21);
	INSERT INTO ca_state_coverage_code VALUES(289,4,21);
	INSERT INTO ca_state_coverage_code VALUES(290,5,21);
	INSERT INTO ca_state_coverage_code VALUES(291,6,21);
	INSERT INTO ca_state_coverage_code VALUES(292,9,21);
	INSERT INTO ca_state_coverage_code VALUES(293,10,21);
	INSERT INTO ca_state_coverage_code VALUES(294,12,21);
	INSERT INTO ca_state_coverage_code VALUES(295,7,21);
	INSERT INTO ca_state_coverage_code VALUES(296,8,21);
	INSERT INTO ca_state_coverage_code VALUES(297,11,21);
	INSERT INTO ca_state_coverage_code VALUES(298,13,21);
	INSERT INTO ca_state_coverage_code VALUES(299,14,21);
	INSERT INTO ca_state_coverage_code VALUES(300,15,21);
	INSERT INTO ca_state_coverage_code VALUES(301,1,22);
	INSERT INTO ca_state_coverage_code VALUES(302,2,22);
	INSERT INTO ca_state_coverage_code VALUES(303,3,22);
	INSERT INTO ca_state_coverage_code VALUES(304,4,22);
	INSERT INTO ca_state_coverage_code VALUES(305,5,22);
	INSERT INTO ca_state_coverage_code VALUES(306,6,22);
	INSERT INTO ca_state_coverage_code VALUES(307,9,22);
	INSERT INTO ca_state_coverage_code VALUES(308,10,22);
	INSERT INTO ca_state_coverage_code VALUES(309,12,22);
	INSERT INTO ca_state_coverage_code VALUES(310,7,22);
	INSERT INTO ca_state_coverage_code VALUES(311,8,22);
	INSERT INTO ca_state_coverage_code VALUES(312,11,22);
	INSERT INTO ca_state_coverage_code VALUES(313,13,22);
	INSERT INTO ca_state_coverage_code VALUES(314,14,22);
	INSERT INTO ca_state_coverage_code VALUES(315,15,22);
	INSERT INTO ca_state_coverage_code VALUES(316,1,23);
	INSERT INTO ca_state_coverage_code VALUES(317,2,23);
	INSERT INTO ca_state_coverage_code VALUES(318,3,23);
	INSERT INTO ca_state_coverage_code VALUES(319,4,23);
	INSERT INTO ca_state_coverage_code VALUES(320,5,23);
	INSERT INTO ca_state_coverage_code VALUES(321,6,23);
	INSERT INTO ca_state_coverage_code VALUES(322,9,23);
	INSERT INTO ca_state_coverage_code VALUES(323,10,23);
	INSERT INTO ca_state_coverage_code VALUES(324,12,23);
	INSERT INTO ca_state_coverage_code VALUES(325,7,23);
	INSERT INTO ca_state_coverage_code VALUES(326,8,23);
	INSERT INTO ca_state_coverage_code VALUES(327,11,23);
	INSERT INTO ca_state_coverage_code VALUES(328,13,23);
	INSERT INTO ca_state_coverage_code VALUES(329,14,23);
	INSERT INTO ca_state_coverage_code VALUES(330,15,23);
	INSERT INTO ca_state_coverage_code VALUES(331,1,24);
	INSERT INTO ca_state_coverage_code VALUES(332,2,24);
	INSERT INTO ca_state_coverage_code VALUES(333,3,24);
	INSERT INTO ca_state_coverage_code VALUES(334,4,24);
	INSERT INTO ca_state_coverage_code VALUES(335,5,24);
	INSERT INTO ca_state_coverage_code VALUES(336,6,24);
	INSERT INTO ca_state_coverage_code VALUES(337,9,24);
	INSERT INTO ca_state_coverage_code VALUES(338,10,24);
	INSERT INTO ca_state_coverage_code VALUES(339,12,24);
	INSERT INTO ca_state_coverage_code VALUES(340,7,24);
	INSERT INTO ca_state_coverage_code VALUES(341,8,24);
	INSERT INTO ca_state_coverage_code VALUES(342,11,24);
	INSERT INTO ca_state_coverage_code VALUES(343,13,24);
	INSERT INTO ca_state_coverage_code VALUES(344,14,24);
	INSERT INTO ca_state_coverage_code VALUES(345,15,24);
	INSERT INTO ca_state_coverage_code VALUES(346,1,25);
	INSERT INTO ca_state_coverage_code VALUES(347,2,25);
	INSERT INTO ca_state_coverage_code VALUES(348,3,25);
	INSERT INTO ca_state_coverage_code VALUES(349,4,25);
	INSERT INTO ca_state_coverage_code VALUES(350,5,25);
	INSERT INTO ca_state_coverage_code VALUES(351,6,25);
	INSERT INTO ca_state_coverage_code VALUES(352,9,25);
	INSERT INTO ca_state_coverage_code VALUES(353,10,25);
	INSERT INTO ca_state_coverage_code VALUES(354,12,25);
	INSERT INTO ca_state_coverage_code VALUES(355,7,25);
	INSERT INTO ca_state_coverage_code VALUES(356,8,25);
	INSERT INTO ca_state_coverage_code VALUES(357,11,25);
	INSERT INTO ca_state_coverage_code VALUES(358,13,25);
	INSERT INTO ca_state_coverage_code VALUES(359,14,25);
	INSERT INTO ca_state_coverage_code VALUES(360,15,25);
	INSERT INTO ca_state_coverage_code VALUES(361,1,26);
	INSERT INTO ca_state_coverage_code VALUES(362,2,26);
	INSERT INTO ca_state_coverage_code VALUES(363,3,26);
	INSERT INTO ca_state_coverage_code VALUES(364,4,26);
	INSERT INTO ca_state_coverage_code VALUES(365,5,26);
	INSERT INTO ca_state_coverage_code VALUES(366,6,26);
	INSERT INTO ca_state_coverage_code VALUES(367,9,26);
	INSERT INTO ca_state_coverage_code VALUES(368,10,26);
	INSERT INTO ca_state_coverage_code VALUES(369,12,26);
	INSERT INTO ca_state_coverage_code VALUES(370,7,26);
	INSERT INTO ca_state_coverage_code VALUES(371,8,26);
	INSERT INTO ca_state_coverage_code VALUES(372,11,26);
	INSERT INTO ca_state_coverage_code VALUES(373,13,26);
	INSERT INTO ca_state_coverage_code VALUES(374,14,26);
	INSERT INTO ca_state_coverage_code VALUES(375,15,26);
	INSERT INTO ca_state_coverage_code VALUES(376,1,27);
	INSERT INTO ca_state_coverage_code VALUES(377,2,27);
	INSERT INTO ca_state_coverage_code VALUES(378,3,27);
	INSERT INTO ca_state_coverage_code VALUES(379,4,27);
	INSERT INTO ca_state_coverage_code VALUES(380,5,27);
	INSERT INTO ca_state_coverage_code VALUES(381,6,27);
	INSERT INTO ca_state_coverage_code VALUES(382,9,27);
	INSERT INTO ca_state_coverage_code VALUES(383,10,27);
	INSERT INTO ca_state_coverage_code VALUES(384,12,27);
	INSERT INTO ca_state_coverage_code VALUES(385,7,27);
	INSERT INTO ca_state_coverage_code VALUES(386,8,27);
	INSERT INTO ca_state_coverage_code VALUES(387,11,27);
	INSERT INTO ca_state_coverage_code VALUES(388,13,27);
	INSERT INTO ca_state_coverage_code VALUES(389,14,27);
	INSERT INTO ca_state_coverage_code VALUES(390,15,27);
	INSERT INTO ca_state_coverage_code VALUES(391,1,28);
	INSERT INTO ca_state_coverage_code VALUES(392,2,28);
	INSERT INTO ca_state_coverage_code VALUES(393,3,28);
	INSERT INTO ca_state_coverage_code VALUES(394,4,28);
	INSERT INTO ca_state_coverage_code VALUES(395,5,28);
	INSERT INTO ca_state_coverage_code VALUES(396,6,28);
	INSERT INTO ca_state_coverage_code VALUES(397,9,28);
	INSERT INTO ca_state_coverage_code VALUES(398,10,28);
	INSERT INTO ca_state_coverage_code VALUES(399,12,28);
	INSERT INTO ca_state_coverage_code VALUES(400,7,28);
	INSERT INTO ca_state_coverage_code VALUES(401,8,28);
	INSERT INTO ca_state_coverage_code VALUES(402,11,28);
	INSERT INTO ca_state_coverage_code VALUES(403,13,28);
	INSERT INTO ca_state_coverage_code VALUES(404,14,28);
	INSERT INTO ca_state_coverage_code VALUES(405,15,28);
	INSERT INTO ca_state_coverage_code VALUES(406,1,29);
	INSERT INTO ca_state_coverage_code VALUES(407,2,29);
	INSERT INTO ca_state_coverage_code VALUES(408,3,29);
	INSERT INTO ca_state_coverage_code VALUES(409,4,29);
	INSERT INTO ca_state_coverage_code VALUES(410,5,29);
	INSERT INTO ca_state_coverage_code VALUES(411,6,29);
	INSERT INTO ca_state_coverage_code VALUES(412,9,29);
	INSERT INTO ca_state_coverage_code VALUES(413,10,29);
	INSERT INTO ca_state_coverage_code VALUES(414,12,29);
	INSERT INTO ca_state_coverage_code VALUES(415,7,29);
	INSERT INTO ca_state_coverage_code VALUES(416,8,29);
	INSERT INTO ca_state_coverage_code VALUES(417,11,29);
	INSERT INTO ca_state_coverage_code VALUES(418,13,29);
	INSERT INTO ca_state_coverage_code VALUES(419,14,29);
	INSERT INTO ca_state_coverage_code VALUES(420,15,29);
	INSERT INTO ca_state_coverage_code VALUES(421,1,30);
	INSERT INTO ca_state_coverage_code VALUES(422,2,30);
	INSERT INTO ca_state_coverage_code VALUES(423,3,30);
	INSERT INTO ca_state_coverage_code VALUES(424,4,30);
	INSERT INTO ca_state_coverage_code VALUES(425,5,30);
	INSERT INTO ca_state_coverage_code VALUES(426,6,30);
	INSERT INTO ca_state_coverage_code VALUES(427,9,30);
	INSERT INTO ca_state_coverage_code VALUES(428,10,30);
	INSERT INTO ca_state_coverage_code VALUES(429,12,30);
	INSERT INTO ca_state_coverage_code VALUES(430,7,30);
	INSERT INTO ca_state_coverage_code VALUES(431,8,30);
	INSERT INTO ca_state_coverage_code VALUES(432,11,30);
	INSERT INTO ca_state_coverage_code VALUES(433,13,30);
	INSERT INTO ca_state_coverage_code VALUES(434,14,30);
	INSERT INTO ca_state_coverage_code VALUES(435,15,30);
	INSERT INTO ca_state_coverage_code VALUES(436,1,31);
	INSERT INTO ca_state_coverage_code VALUES(437,2,31);
	INSERT INTO ca_state_coverage_code VALUES(438,3,31);
	INSERT INTO ca_state_coverage_code VALUES(439,4,31);
	INSERT INTO ca_state_coverage_code VALUES(440,5,31);
	INSERT INTO ca_state_coverage_code VALUES(441,6,31);
	INSERT INTO ca_state_coverage_code VALUES(442,9,31);
	INSERT INTO ca_state_coverage_code VALUES(443,10,31);
	INSERT INTO ca_state_coverage_code VALUES(444,12,31);
	INSERT INTO ca_state_coverage_code VALUES(445,7,31);
	INSERT INTO ca_state_coverage_code VALUES(446,8,31);
	INSERT INTO ca_state_coverage_code VALUES(447,11,31);
	INSERT INTO ca_state_coverage_code VALUES(448,13,31);
	INSERT INTO ca_state_coverage_code VALUES(449,14,31);
	INSERT INTO ca_state_coverage_code VALUES(450,15,31);
	INSERT INTO ca_state_coverage_code VALUES(451,1,32);
	INSERT INTO ca_state_coverage_code VALUES(452,2,32);
	INSERT INTO ca_state_coverage_code VALUES(453,3,32);
	INSERT INTO ca_state_coverage_code VALUES(454,4,32);
	INSERT INTO ca_state_coverage_code VALUES(455,5,32);
	INSERT INTO ca_state_coverage_code VALUES(456,6,32);
	INSERT INTO ca_state_coverage_code VALUES(457,9,32);
	INSERT INTO ca_state_coverage_code VALUES(458,10,32);
	INSERT INTO ca_state_coverage_code VALUES(459,12,32);
	INSERT INTO ca_state_coverage_code VALUES(460,7,32);
	INSERT INTO ca_state_coverage_code VALUES(461,8,32);
	INSERT INTO ca_state_coverage_code VALUES(462,11,32);
	INSERT INTO ca_state_coverage_code VALUES(463,13,32);
	INSERT INTO ca_state_coverage_code VALUES(464,14,32);
	INSERT INTO ca_state_coverage_code VALUES(465,15,32);
	INSERT INTO ca_state_coverage_code VALUES(466,1,33);
	INSERT INTO ca_state_coverage_code VALUES(467,2,33);
	INSERT INTO ca_state_coverage_code VALUES(468,3,33);
	INSERT INTO ca_state_coverage_code VALUES(469,4,33);
	INSERT INTO ca_state_coverage_code VALUES(470,5,33);
	INSERT INTO ca_state_coverage_code VALUES(471,6,33);
	INSERT INTO ca_state_coverage_code VALUES(472,9,33);
	INSERT INTO ca_state_coverage_code VALUES(473,10,33);
	INSERT INTO ca_state_coverage_code VALUES(474,12,33);
	INSERT INTO ca_state_coverage_code VALUES(475,7,33);
	INSERT INTO ca_state_coverage_code VALUES(476,8,33);
	INSERT INTO ca_state_coverage_code VALUES(477,11,33);
	INSERT INTO ca_state_coverage_code VALUES(478,13,33);
	INSERT INTO ca_state_coverage_code VALUES(479,14,33);
	INSERT INTO ca_state_coverage_code VALUES(480,15,33);
	INSERT INTO ca_state_coverage_code VALUES(481,1,34);
	INSERT INTO ca_state_coverage_code VALUES(482,2,34);
	INSERT INTO ca_state_coverage_code VALUES(483,3,34);
	INSERT INTO ca_state_coverage_code VALUES(484,4,34);
	INSERT INTO ca_state_coverage_code VALUES(485,5,34);
	INSERT INTO ca_state_coverage_code VALUES(486,6,34);
	INSERT INTO ca_state_coverage_code VALUES(487,9,34);
	INSERT INTO ca_state_coverage_code VALUES(488,10,34);
	INSERT INTO ca_state_coverage_code VALUES(489,12,34);
	INSERT INTO ca_state_coverage_code VALUES(490,7,34);
	INSERT INTO ca_state_coverage_code VALUES(491,8,34);
	INSERT INTO ca_state_coverage_code VALUES(492,11,34);
	INSERT INTO ca_state_coverage_code VALUES(493,13,34);
	INSERT INTO ca_state_coverage_code VALUES(494,14,34);
	INSERT INTO ca_state_coverage_code VALUES(495,15,34);
	INSERT INTO ca_state_coverage_code VALUES(496,1,35);
	INSERT INTO ca_state_coverage_code VALUES(497,2,35);
	INSERT INTO ca_state_coverage_code VALUES(498,3,35);
	INSERT INTO ca_state_coverage_code VALUES(499,4,35);
	INSERT INTO ca_state_coverage_code VALUES(500,5,35);
	INSERT INTO ca_state_coverage_code VALUES(501,6,35);
	INSERT INTO ca_state_coverage_code VALUES(502,9,35);
	INSERT INTO ca_state_coverage_code VALUES(503,10,35);
	INSERT INTO ca_state_coverage_code VALUES(504,12,35);
	INSERT INTO ca_state_coverage_code VALUES(505,7,35);
	INSERT INTO ca_state_coverage_code VALUES(506,8,35);
	INSERT INTO ca_state_coverage_code VALUES(507,11,35);
	INSERT INTO ca_state_coverage_code VALUES(508,13,35);
	INSERT INTO ca_state_coverage_code VALUES(509,14,35);
	INSERT INTO ca_state_coverage_code VALUES(510,15,35);
	INSERT INTO ca_state_coverage_code VALUES(511,1,36);
	INSERT INTO ca_state_coverage_code VALUES(512,2,36);
	INSERT INTO ca_state_coverage_code VALUES(513,3,36);
	INSERT INTO ca_state_coverage_code VALUES(514,4,36);
	INSERT INTO ca_state_coverage_code VALUES(515,5,36);
	INSERT INTO ca_state_coverage_code VALUES(516,6,36);
	INSERT INTO ca_state_coverage_code VALUES(517,9,36);
	INSERT INTO ca_state_coverage_code VALUES(518,10,36);
	INSERT INTO ca_state_coverage_code VALUES(519,12,36);
	INSERT INTO ca_state_coverage_code VALUES(520,7,36);
	INSERT INTO ca_state_coverage_code VALUES(521,8,36);
	INSERT INTO ca_state_coverage_code VALUES(522,11,36);
	INSERT INTO ca_state_coverage_code VALUES(523,13,36);
	INSERT INTO ca_state_coverage_code VALUES(524,14,36);
	INSERT INTO ca_state_coverage_code VALUES(525,15,36);
	INSERT INTO ca_state_coverage_code VALUES(526,1,38);
	INSERT INTO ca_state_coverage_code VALUES(527,2,38);
	INSERT INTO ca_state_coverage_code VALUES(528,3,38);
	INSERT INTO ca_state_coverage_code VALUES(529,4,38);
	INSERT INTO ca_state_coverage_code VALUES(530,5,38);
	INSERT INTO ca_state_coverage_code VALUES(531,6,38);
	INSERT INTO ca_state_coverage_code VALUES(532,9,38);
	INSERT INTO ca_state_coverage_code VALUES(533,10,38);
	INSERT INTO ca_state_coverage_code VALUES(534,12,38);
	INSERT INTO ca_state_coverage_code VALUES(535,7,38);
	INSERT INTO ca_state_coverage_code VALUES(536,8,38);
	INSERT INTO ca_state_coverage_code VALUES(537,11,38);
	INSERT INTO ca_state_coverage_code VALUES(538,13,38);
	INSERT INTO ca_state_coverage_code VALUES(539,14,38);
	INSERT INTO ca_state_coverage_code VALUES(540,15,38);
	INSERT INTO ca_state_coverage_code VALUES(541,1,39);
	INSERT INTO ca_state_coverage_code VALUES(542,2,39);
	INSERT INTO ca_state_coverage_code VALUES(543,3,39);
	INSERT INTO ca_state_coverage_code VALUES(544,4,39);
	INSERT INTO ca_state_coverage_code VALUES(545,5,39);
	INSERT INTO ca_state_coverage_code VALUES(546,6,39);
	INSERT INTO ca_state_coverage_code VALUES(547,9,39);
	INSERT INTO ca_state_coverage_code VALUES(548,10,39);
	INSERT INTO ca_state_coverage_code VALUES(549,12,39);
	INSERT INTO ca_state_coverage_code VALUES(550,7,39);
	INSERT INTO ca_state_coverage_code VALUES(551,8,39);
	INSERT INTO ca_state_coverage_code VALUES(552,11,39);
	INSERT INTO ca_state_coverage_code VALUES(553,13,39);
	INSERT INTO ca_state_coverage_code VALUES(554,14,39);
	INSERT INTO ca_state_coverage_code VALUES(555,15,39);
	INSERT INTO ca_state_coverage_code VALUES(556,1,40);
	INSERT INTO ca_state_coverage_code VALUES(557,2,40);
	INSERT INTO ca_state_coverage_code VALUES(558,3,40);
	INSERT INTO ca_state_coverage_code VALUES(559,4,40);
	INSERT INTO ca_state_coverage_code VALUES(560,5,40);
	INSERT INTO ca_state_coverage_code VALUES(561,6,40);
	INSERT INTO ca_state_coverage_code VALUES(562,9,40);
	INSERT INTO ca_state_coverage_code VALUES(563,10,40);
	INSERT INTO ca_state_coverage_code VALUES(564,12,40);
	INSERT INTO ca_state_coverage_code VALUES(565,7,40);
	INSERT INTO ca_state_coverage_code VALUES(566,8,40);
	INSERT INTO ca_state_coverage_code VALUES(567,11,40);
	INSERT INTO ca_state_coverage_code VALUES(568,13,40);
	INSERT INTO ca_state_coverage_code VALUES(569,14,40);
	INSERT INTO ca_state_coverage_code VALUES(570,15,40);
	INSERT INTO ca_state_coverage_code VALUES(571,1,41);
	INSERT INTO ca_state_coverage_code VALUES(572,2,41);
	INSERT INTO ca_state_coverage_code VALUES(573,3,41);
	INSERT INTO ca_state_coverage_code VALUES(574,4,41);
	INSERT INTO ca_state_coverage_code VALUES(575,5,41);
	INSERT INTO ca_state_coverage_code VALUES(576,6,41);
	INSERT INTO ca_state_coverage_code VALUES(577,9,41);
	INSERT INTO ca_state_coverage_code VALUES(578,10,41);
	INSERT INTO ca_state_coverage_code VALUES(579,12,41);
	INSERT INTO ca_state_coverage_code VALUES(580,7,41);
	INSERT INTO ca_state_coverage_code VALUES(581,8,41);
	INSERT INTO ca_state_coverage_code VALUES(582,11,41);
	INSERT INTO ca_state_coverage_code VALUES(583,13,41);
	INSERT INTO ca_state_coverage_code VALUES(584,14,41);
	INSERT INTO ca_state_coverage_code VALUES(585,15,41);
	INSERT INTO ca_state_coverage_code VALUES(586,1,42);
	INSERT INTO ca_state_coverage_code VALUES(587,2,42);
	INSERT INTO ca_state_coverage_code VALUES(588,3,42);
	INSERT INTO ca_state_coverage_code VALUES(589,4,42);
	INSERT INTO ca_state_coverage_code VALUES(590,5,42);
	INSERT INTO ca_state_coverage_code VALUES(591,6,42);
	INSERT INTO ca_state_coverage_code VALUES(592,9,42);
	INSERT INTO ca_state_coverage_code VALUES(593,10,42);
	INSERT INTO ca_state_coverage_code VALUES(594,12,42);
	INSERT INTO ca_state_coverage_code VALUES(595,7,42);
	INSERT INTO ca_state_coverage_code VALUES(596,8,42);
	INSERT INTO ca_state_coverage_code VALUES(597,11,42);
	INSERT INTO ca_state_coverage_code VALUES(598,13,42);
	INSERT INTO ca_state_coverage_code VALUES(599,14,42);
	INSERT INTO ca_state_coverage_code VALUES(600,15,42);
	INSERT INTO ca_state_coverage_code VALUES(601,1,43);
	INSERT INTO ca_state_coverage_code VALUES(602,2,43);
	INSERT INTO ca_state_coverage_code VALUES(603,3,43);
	INSERT INTO ca_state_coverage_code VALUES(604,4,43);
	INSERT INTO ca_state_coverage_code VALUES(605,5,43);
	INSERT INTO ca_state_coverage_code VALUES(606,6,43);
	INSERT INTO ca_state_coverage_code VALUES(607,9,43);
	INSERT INTO ca_state_coverage_code VALUES(608,10,43);
	INSERT INTO ca_state_coverage_code VALUES(609,12,43);
	INSERT INTO ca_state_coverage_code VALUES(610,7,43);
	INSERT INTO ca_state_coverage_code VALUES(611,8,43);
	INSERT INTO ca_state_coverage_code VALUES(612,11,43);
	INSERT INTO ca_state_coverage_code VALUES(613,13,43);
	INSERT INTO ca_state_coverage_code VALUES(614,14,43);
	INSERT INTO ca_state_coverage_code VALUES(615,15,43);
	INSERT INTO ca_state_coverage_code VALUES(616,1,44);
	INSERT INTO ca_state_coverage_code VALUES(617,2,44);
	INSERT INTO ca_state_coverage_code VALUES(618,3,44);
	INSERT INTO ca_state_coverage_code VALUES(619,4,44);
	INSERT INTO ca_state_coverage_code VALUES(620,5,44);
	INSERT INTO ca_state_coverage_code VALUES(621,6,44);
	INSERT INTO ca_state_coverage_code VALUES(622,9,44);
	INSERT INTO ca_state_coverage_code VALUES(623,10,44);
	INSERT INTO ca_state_coverage_code VALUES(624,12,44);
	INSERT INTO ca_state_coverage_code VALUES(625,7,44);
	INSERT INTO ca_state_coverage_code VALUES(626,8,44);
	INSERT INTO ca_state_coverage_code VALUES(627,11,44);
	INSERT INTO ca_state_coverage_code VALUES(628,13,44);
	INSERT INTO ca_state_coverage_code VALUES(629,14,44);
	INSERT INTO ca_state_coverage_code VALUES(630,15,44);
	INSERT INTO ca_state_coverage_code VALUES(631,1,45);
	INSERT INTO ca_state_coverage_code VALUES(632,2,45);
	INSERT INTO ca_state_coverage_code VALUES(633,3,45);
	INSERT INTO ca_state_coverage_code VALUES(634,4,45);
	INSERT INTO ca_state_coverage_code VALUES(635,5,45);
	INSERT INTO ca_state_coverage_code VALUES(636,6,45);
	INSERT INTO ca_state_coverage_code VALUES(637,9,45);
	INSERT INTO ca_state_coverage_code VALUES(638,10,45);
	INSERT INTO ca_state_coverage_code VALUES(639,12,45);
	INSERT INTO ca_state_coverage_code VALUES(640,7,45);
	INSERT INTO ca_state_coverage_code VALUES(641,8,45);
	INSERT INTO ca_state_coverage_code VALUES(642,11,45);
	INSERT INTO ca_state_coverage_code VALUES(643,13,45);
	INSERT INTO ca_state_coverage_code VALUES(644,14,45);
	INSERT INTO ca_state_coverage_code VALUES(645,15,45);
	INSERT INTO ca_state_coverage_code VALUES(646,1,46);
	INSERT INTO ca_state_coverage_code VALUES(647,2,46);
	INSERT INTO ca_state_coverage_code VALUES(648,3,46);
	INSERT INTO ca_state_coverage_code VALUES(649,4,46);
	INSERT INTO ca_state_coverage_code VALUES(650,5,46);
	INSERT INTO ca_state_coverage_code VALUES(651,6,46);
	INSERT INTO ca_state_coverage_code VALUES(652,9,46);
	INSERT INTO ca_state_coverage_code VALUES(653,10,46);
	INSERT INTO ca_state_coverage_code VALUES(654,12,46);
	INSERT INTO ca_state_coverage_code VALUES(655,7,46);
	INSERT INTO ca_state_coverage_code VALUES(656,8,46);
	INSERT INTO ca_state_coverage_code VALUES(657,11,46);
	INSERT INTO ca_state_coverage_code VALUES(658,13,46);
	INSERT INTO ca_state_coverage_code VALUES(659,14,46);
	INSERT INTO ca_state_coverage_code VALUES(660,15,46);
	INSERT INTO ca_state_coverage_code VALUES(661,1,47);
	INSERT INTO ca_state_coverage_code VALUES(662,2,47);
	INSERT INTO ca_state_coverage_code VALUES(663,3,47);
	INSERT INTO ca_state_coverage_code VALUES(664,4,47);
	INSERT INTO ca_state_coverage_code VALUES(665,5,47);
	INSERT INTO ca_state_coverage_code VALUES(666,6,47);
	INSERT INTO ca_state_coverage_code VALUES(667,9,47);
	INSERT INTO ca_state_coverage_code VALUES(668,10,47);
	INSERT INTO ca_state_coverage_code VALUES(669,12,47);
	INSERT INTO ca_state_coverage_code VALUES(670,7,47);
	INSERT INTO ca_state_coverage_code VALUES(671,8,47);
	INSERT INTO ca_state_coverage_code VALUES(672,11,47);
	INSERT INTO ca_state_coverage_code VALUES(673,13,47);
	INSERT INTO ca_state_coverage_code VALUES(674,14,47);
	INSERT INTO ca_state_coverage_code VALUES(675,15,47);
	INSERT INTO ca_state_coverage_code VALUES(676,1,48);
	INSERT INTO ca_state_coverage_code VALUES(677,2,48);
	INSERT INTO ca_state_coverage_code VALUES(678,3,48);
	INSERT INTO ca_state_coverage_code VALUES(679,4,48);
	INSERT INTO ca_state_coverage_code VALUES(680,5,48);
	INSERT INTO ca_state_coverage_code VALUES(681,6,48);
	INSERT INTO ca_state_coverage_code VALUES(682,9,48);
	INSERT INTO ca_state_coverage_code VALUES(683,10,48);
	INSERT INTO ca_state_coverage_code VALUES(684,12,48);
	INSERT INTO ca_state_coverage_code VALUES(685,7,48);
	INSERT INTO ca_state_coverage_code VALUES(686,8,48);
	INSERT INTO ca_state_coverage_code VALUES(687,11,48);
	INSERT INTO ca_state_coverage_code VALUES(688,13,48);
	INSERT INTO ca_state_coverage_code VALUES(689,14,48);
	INSERT INTO ca_state_coverage_code VALUES(690,15,48);
	INSERT INTO ca_state_coverage_code VALUES(691,1,49);
	INSERT INTO ca_state_coverage_code VALUES(692,2,49);
	INSERT INTO ca_state_coverage_code VALUES(693,3,49);
	INSERT INTO ca_state_coverage_code VALUES(694,4,49);
	INSERT INTO ca_state_coverage_code VALUES(695,5,49);
	INSERT INTO ca_state_coverage_code VALUES(696,6,49);
	INSERT INTO ca_state_coverage_code VALUES(697,9,49);
	INSERT INTO ca_state_coverage_code VALUES(698,10,49);
	INSERT INTO ca_state_coverage_code VALUES(699,12,49);
	INSERT INTO ca_state_coverage_code VALUES(700,7,49);
	INSERT INTO ca_state_coverage_code VALUES(701,8,49);
	INSERT INTO ca_state_coverage_code VALUES(702,11,49);
	INSERT INTO ca_state_coverage_code VALUES(703,13,49);
	INSERT INTO ca_state_coverage_code VALUES(704,14,49);
	INSERT INTO ca_state_coverage_code VALUES(705,15,49);
	INSERT INTO ca_state_coverage_code VALUES(706,1,50);
	INSERT INTO ca_state_coverage_code VALUES(707,2,50);
	INSERT INTO ca_state_coverage_code VALUES(708,3,50);
	INSERT INTO ca_state_coverage_code VALUES(709,4,50);
	INSERT INTO ca_state_coverage_code VALUES(710,5,50);
	INSERT INTO ca_state_coverage_code VALUES(711,6,50);
	INSERT INTO ca_state_coverage_code VALUES(712,9,50);
	INSERT INTO ca_state_coverage_code VALUES(713,10,50);
	INSERT INTO ca_state_coverage_code VALUES(714,12,50);
	INSERT INTO ca_state_coverage_code VALUES(715,7,50);
	INSERT INTO ca_state_coverage_code VALUES(716,8,50);
	INSERT INTO ca_state_coverage_code VALUES(717,11,50);
	INSERT INTO ca_state_coverage_code VALUES(718,13,50);
	INSERT INTO ca_state_coverage_code VALUES(719,14,50);
	INSERT INTO ca_state_coverage_code VALUES(720,15,50);
	INSERT INTO ca_state_coverage_code VALUES(721,1,51);
	INSERT INTO ca_state_coverage_code VALUES(722,2,51);
	INSERT INTO ca_state_coverage_code VALUES(723,3,51);
	INSERT INTO ca_state_coverage_code VALUES(724,4,51);
	INSERT INTO ca_state_coverage_code VALUES(725,5,51);
	INSERT INTO ca_state_coverage_code VALUES(726,6,51);
	INSERT INTO ca_state_coverage_code VALUES(727,9,51);
	INSERT INTO ca_state_coverage_code VALUES(728,10,51);
	INSERT INTO ca_state_coverage_code VALUES(729,12,51);
	INSERT INTO ca_state_coverage_code VALUES(730,7,51);
	INSERT INTO ca_state_coverage_code VALUES(731,8,51);
	INSERT INTO ca_state_coverage_code VALUES(732,11,51);
	INSERT INTO ca_state_coverage_code VALUES(733,13,51);
	INSERT INTO ca_state_coverage_code VALUES(734,14,51);
	INSERT INTO ca_state_coverage_code VALUES(735,15,51);
	INSERT INTO ca_state_coverage_code VALUES(736,1,52);
	INSERT INTO ca_state_coverage_code VALUES(737,2,52);
	INSERT INTO ca_state_coverage_code VALUES(738,3,52);
	INSERT INTO ca_state_coverage_code VALUES(739,4,52);
	INSERT INTO ca_state_coverage_code VALUES(740,5,52);
	INSERT INTO ca_state_coverage_code VALUES(741,6,52);
	INSERT INTO ca_state_coverage_code VALUES(742,9,52);
	INSERT INTO ca_state_coverage_code VALUES(743,10,52);
	INSERT INTO ca_state_coverage_code VALUES(744,12,52);
	INSERT INTO ca_state_coverage_code VALUES(745,7,52);
	INSERT INTO ca_state_coverage_code VALUES(746,8,52);
	INSERT INTO ca_state_coverage_code VALUES(747,11,52);
	INSERT INTO ca_state_coverage_code VALUES(748,13,52);
	INSERT INTO ca_state_coverage_code VALUES(749,14,52);
	INSERT INTO ca_state_coverage_code VALUES(750,15,52);
	INSERT INTO ca_state_coverage_code VALUES(751,1,3);
	INSERT INTO ca_state_coverage_code VALUES(752,2,3);
	INSERT INTO ca_state_coverage_code VALUES(753,13,3);
	INSERT INTO ca_state_coverage_code VALUES(754,5,3);
	INSERT INTO ca_state_coverage_code VALUES(755,6,3);
	INSERT INTO ca_state_coverage_code VALUES(756,9,3);
	INSERT INTO ca_state_coverage_code VALUES(757,10,3);
	INSERT INTO ca_state_coverage_code VALUES(758,12,3);
	INSERT INTO ca_state_coverage_code VALUES(759,7,3);
	INSERT INTO ca_state_coverage_code VALUES(760,8,3);
	INSERT INTO ca_state_coverage_code VALUES(761,14,3);
	INSERT INTO ca_state_coverage_code VALUES(762,15,3);
	INSERT INTO ca_state_coverage_code VALUES(763,16,3);
	INSERT INTO ca_state_coverage_code VALUES(764,1,37);
	INSERT INTO ca_state_coverage_code VALUES(765,2,37);
	INSERT INTO ca_state_coverage_code VALUES(766,17,37);
	INSERT INTO ca_state_coverage_code VALUES(767,18,37);
	INSERT INTO ca_state_coverage_code VALUES(768,9,37);
	INSERT INTO ca_state_coverage_code VALUES(769,10,37);
	INSERT INTO ca_state_coverage_code VALUES(770,12,37);
	INSERT INTO ca_state_coverage_code VALUES(771,7,37);
	INSERT INTO ca_state_coverage_code VALUES(772,8,37);
	INSERT INTO ca_state_coverage_code VALUES(773,11,37);
	INSERT INTO ca_state_coverage_code VALUES(774,19,37);
	INSERT INTO ca_state_coverage_code VALUES(775,20,37);
	INSERT INTO ca_state_coverage_code VALUES(776,21,37);
	INSERT INTO ca_state_coverage_code VALUES(777,22,37);
	INSERT INTO ca_state_coverage_code VALUES(778,23,37);
	INSERT INTO ca_state_coverage_code VALUES(779,24,37);
	INSERT INTO ca_state_coverage_code VALUES(780,25,37);
	INSERT INTO ca_state_coverage_code VALUES(781,26,37);
	INSERT INTO ca_state_coverage_code VALUES(782,27,37);
	INSERT INTO ca_state_coverage_code VALUES(783,28,37);
	INSERT INTO ca_state_coverage_code VALUES(784,29,37);
	INSERT INTO ca_state_coverage_code VALUES(785,30,37);
	INSERT INTO ca_state_coverage_code VALUES(786,31,37);
	INSERT INTO ca_state_coverage_code VALUES(787,32,37);
END IF; 
END $$;
